[
	{
		"category": "0",
		"categoryName": "Perso",
		"name": "some item",
		"login": "gab@notarealemail.com",
		"password": "password1",
		"notes": "my notes\nmore notes"
	},
	{
		"category": "1",
		"categoryName": "Pro",
		"name": "some other item",
		"login": "one@notarealemail.com",
		"password": "password2",
		"notes": "notes"
	},
	{
		"category": "3",
		"categoryName": "new category for import",
		"name": "another kind of item",
		"login": "two@notarealemail.com",
		"password": "password3 is very complicated!",
		"notes": "sdasd"
	},
	{
		"category": "0",
		"categoryName": "Perso",
		"name": "my stuff",
		"login": "three@notarealemail.com",
		"password": "password4 is even more complicated!",
		"notes": ""
	},
	{
		"category": "",
		"categoryName": "n/a",
		"name": "multi line item",
		"login": "foor@notarealemail.com",
		"password": "password5",
		"notes": "multi\nline\nitem"
	}
]
